ID,姓名,年龄,性别,城市,收入,满意度,注册日期,是否会员,购买次数
1,用户1,56,男,杭州,47955.57,3,2020-01-01,False,9
2,用户2,69,男,北京,37662.89,2,2020-01-01,False,45
3,用户3,46,女,广州,19602.82,1,2020-01-01,True,13
4,用户4,32,男,上海,16937.17,5,2020-01-01,False,36
5,用户5,60,男,广州,19436.05,2,2020-01-01,True,17
6,用户6,25,女,杭州,39408.72,2,2020-01-01,False,23
7,用户7,78,男,上海,34084.42,7,2020-01-01,True,13
8,用户8,38,男,深圳,11704.19,8,2020-01-01,False,33
9,用户9,56,男,广州,11183.14,10,2020-01-01,True,11
10,用户10,75,男,上海,7624.6,8,2020-01-01,True,21
11,用户11,36,男,广州,34034.23,4,2020-01-01,True,5
12,用户12,40,女,上海,38925.52,1,2020-01-01,True,35
13,用户13,28,男,北京,15457.18,7,2020-01-01,True,44
14,用户14,28,男,广州,3984.41,1,2020-01-01,True,35
15,用户15,41,男,深圳,6862.07,4,2020-01-01,False,21
16,用户16,70,男,深圳,48489.42,8,2020-01-01,False,13
17,用户17,53,男,杭州,16885.9,2,2020-01-01,True,15
18,用户18,57,女,上海,39153.49,6,2020-01-01,True,35
19,用户19,41,男,广州,32359.19,6,2020-01-01,True,24
20,用户20,20,女,杭州,20951.16,9,2020-01-01,True,31
21,用户21,39,女,广州,12667.3,5,2020-01-01,False,32
22,用户22,70,男,上海,8705.16,10,2020-01-01,True,44
23,用户23,19,男,深圳,31905.61,4,2020-01-01,False,35
24,用户24,41,男,北京,39407.79,5,2020-01-01,False,19
25,用户25,61,男,深圳,33263.5,10,2020-01-02,True,17
26,用户26,47,女,杭州,27924.2,5,2020-01-02,True,37
27,用户27,55,男,北京,4971.71,8,2020-01-02,False,2
28,用户28,19,男,杭州,48518.97,10,2020-01-02,False,22
29,用户29,77,男,上海,40539.57,8,2020-01-02,True,31
30,用户30,38,男,北京,16762.64,2,2020-01-02,True,44
31,用户31,50,男,杭州,49058.61,7,2020-01-02,True,15
32,用户32,29,男,上海,31288.43,8,2020-01-02,False,4
33,用户33,75,女,深圳,30373.86,6,2020-01-02,False,3
34,用户34,39,女,上海,38159.44,5,2020-01-02,True,20
35,用户35,78,男,广州,41153.18,9,2020-01-02,False,39
36,用户36,61,男,上海,33854.49,3,2020-01-02,False,13
37,用户37,42,男,上海,9020.5,10,2020-01-02,True,38
38,用户38,66,女,广州,18898.57,4,2020-01-02,True,30
39,用户39,44,男,杭州,46619.93,9,2020-01-02,False,13
40,用户40,76,女,杭州,13556.93,6,2020-01-02,False,5
41,用户41,59,男,上海,20491.85,8,2020-01-02,True,11
42,用户42,45,男,广州,23307.61,7,2020-01-02,True,15
43,用户43,77,男,广州,23652.03,2,2020-01-02,True,16
44,用户44,33,男,深圳,31808.16,3,2020-01-02,True,44
45,用户45,32,女,杭州,47324.56,1,2020-01-02,True,22
46,用户46,79,女,北京,14312.56,9,2020-01-02,False,13
47,用户47,79,男,杭州,8710.56,7,2020-01-02,False,6
48,用户48,64,男,杭州,12281.11,1,2020-01-02,False,45
49,用户49,79,女,深圳,44685.47,3,2020-01-03,False,31
50,用户50,68,女,北京,33353.11,4,2020-01-03,True,14
51,用户51,61,女,深圳,16437.62,4,2020-01-03,True,43
52,用户52,72,女,北京,,5,2020-01-03,True,16
53,用户53,69,男,上海,43484.39,3,2020-01-03,False,40
54,用户54,74,女,北京,42786.17,3,2020-01-03,False,46
55,用户55,20,男,深圳,46189.55,1,2020-01-03,False,43
56,用户56,54,女,杭州,14855.33,7,2020-01-03,True,33
57,用户57,68,女,北京,38486.97,10,2020-01-03,False,4
58,用户58,24,女,北京,24645.36,1,2020-01-03,True,44
59,用户59,38,女,广州,42573.93,2,2020-01-03,True,26
60,用户60,26,女,杭州,37239.06,4,2020-01-03,True,22
61,用户61,56,男,上海,39493.03,4,2020-01-03,True,39
62,用户62,35,男,深圳,33839.61,5,2020-01-03,True,13
63,用户63,21,女,上海,11339.15,2,2020-01-03,True,14
64,用户64,42,女,杭州,28616.27,4,2020-01-03,False,42
65,用户65,77,男,北京,,1,2020-01-03,True,32
66,用户66,31,女,北京,47057.24,2,2020-01-03,True,30
67,用户67,67,女,杭州,5029.17,1,2020-01-03,False,34
68,用户68,75,男,na,10746.3,10,2020-01-03,True,16
69,用户69,26,女,北京,9191.25,10,2020-01-03,False,27
70,用户70,43,女,北京,37121.06,4,2020-01-03,False,18
71,用户71,70,男,na,41435.91,4,2020-01-03,False,45
72,用户72,19,男,深圳,13035.03,7,2020-01-03,True,22
73,用户73,37,男,广州,26775.08,10,2020-01-04,True,31
74,用户74,45,女,上海,42513.04,9,2020-01-04,False,39
75,用户75,64,男,杭州,37441.67,9,2020-01-04,True,12
76,用户76,77,男,杭州,28485.15,5,2020-01-04,True,19
77,用户77,24,男,杭州,30746.34,10,2020-01-04,False,34
78,用户78,61,男,广州,26892.95,1,2020-01-04,False,4
79,用户79,78,男,深圳,16984.78,1,2020-01-04,True,8
80,用户80,25,男,广州,29556.03,6,2020-01-04,False,28
81,用户81,64,女,杭州,35377.61,2,2020-01-04,False,5
82,用户82,52,女,上海,44046.18,8,2020-01-04,False,24
83,用户83,31,男,北京,,9,2020-01-04,True,30
84,用户84,34,男,深圳,38772.71,4,2020-01-04,True,21
85,用户85,53,男,深圳,10523.37,5,2020-01-04,True,1
86,用户86,67,女,广州,24693.2,8,2020-01-04,False,44
87,用户87,57,女,深圳,3438.59,3,2020-01-04,True,4
88,用户88,21,女,杭州,14593.91,5,2020-01-04,False,26
89,用户89,19,女,杭州,37143.7,3,2020-01-04,True,24
90,用户90,79,女,广州,49615.07,10,2020-01-04,True,7
91,用户91,23,女,杭州,7661.37,3,2020-01-04,False,0
92,用户92,71,女,上海,21870.23,3,2020-01-04,True,19
93,用户93,59,女,广州,40603.34,7,2020-01-04,False,43
94,用户94,21,女,上海,12589.67,7,2020-01-04,True,22
95,用户95,71,男,北京,29088.99,7,2020-01-04,True,31
96,用户96,46,男,上海,37454.35,10,2020-01-04,False,10
97,用户97,35,男,北京,31951.32,8,2020-01-05,False,38
98,用户98,43,男,北京,11837.16,5,2020-01-05,False,46
99,用户99,61,女,上海,19703.07,5,2020-01-05,True,23
100,用户100,51,女,广州,39838.21,4,2020-01-05,True,10
101,用户101,27,男,杭州,29048.65,7,2020-01-05,True,28
102,用户102,79,女,杭州,3245.79,10,2020-01-05,False,25
103,用户103,53,男,北京,38766.57,4,2020-01-05,False,15
104,用户104,31,女,北京,4659.63,2,2020-01-05,False,34
105,用户105,48,男,广州,38049.49,4,2020-01-05,True,19
106,用户106,65,女,深圳,12516.59,8,2020-01-05,True,45
107,用户107,32,女,上海,48029.45,9,2020-01-05,False,2
108,用户108,25,男,北京,20293.22,3,2020-01-05,True,0
109,用户109,31,女,杭州,18365.79,7,2020-01-05,False,46
110,用户110,40,男,广州,,9,2020-01-05,True,0
111,用户111,77,男,上海,17363.4,4,2020-01-05,True,16
112,用户112,74,男,广州,,10,2020-01-05,False,1
113,用户113,79,男,上海,49827.71,3,2020-01-05,True,28
114,用户114,57,女,上海,20310.55,5,2020-01-05,True,19
115,用户115,38,女,北京,24084.7,1,2020-01-05,False,5
116,用户116,33,女,广州,36937.33,3,2020-01-05,False,7
117,用户117,62,男,广州,44651.2,8,2020-01-05,True,28
118,用户118,35,女,杭州,30873.08,8,2020-01-05,False,47
119,用户119,64,男,杭州,21401.71,4,2020-01-05,True,32
120,用户120,70,女,北京,22393.23,2,2020-01-05,False,2
121,用户121,41,女,北京,35694.05,8,2020-01-06,True,34
122,用户122,43,女,深圳,,8,2020-01-06,True,4
123,用户123,42,男,杭州,32120.7,10,2020-01-06,False,26
124,用户124,77,女,上海,19708.17,4,2020-01-06,True,43
125,用户125,77,女,广州,40327.27,3,2020-01-06,True,11
126,用户126,77,男,na,7370.56,2,2020-01-06,False,19
127,用户127,62,女,广州,30645.51,9,2020-01-06,False,44
128,用户128,58,男,广州,,1,2020-01-06,True,19
129,用户129,46,女,深圳,33189.3,7,2020-01-06,False,8
130,用户130,32,男,杭州,6048.12,5,2020-01-06,False,38
131,用户131,62,男,北京,30259.24,8,2020-01-06,True,3
132,用户132,18,女,广州,29389.78,4,2020-01-06,True,18
133,用户133,42,男,北京,29351.02,7,2020-01-06,False,37
134,用户134,24,男,上海,31363.92,5,2020-01-06,False,26
135,用户135,26,男,深圳,34793.99,5,2020-01-06,False,44
136,用户136,41,男,上海,40834.48,9,2020-01-06,True,42
137,用户137,18,男,北京,15681.57,9,2020-01-06,True,12
138,用户138,61,男,北京,41777.32,9,2020-01-06,True,12
139,用户139,25,女,杭州,26418.02,6,2020-01-06,True,21
140,用户140,41,男,广州,6621.74,6,2020-01-06,True,27
141,用户141,28,男,广州,5751.89,5,2020-01-06,True,46
142,用户142,68,女,上海,18709.2,9,2020-01-06,True,44
143,用户143,34,女,深圳,39890.16,10,2020-01-06,False,21
144,用户144,25,女,广州,36261.0,8,2020-01-06,False,42
145,用户145,52,女,杭州,40064.9,7,2020-01-07,True,18
146,用户146,52,女,na,27311.65,7,2020-01-07,True,7
147,用户147,50,女,上海,23689.35,6,2020-01-07,True,7
148,用户148,76,女,杭州,9930.27,5,2020-01-07,False,41
149,用户149,22,男,深圳,18425.06,4,2020-01-07,True,25
150,用户150,59,男,杭州,23398.91,3,2020-01-07,False,47
151,用户151,56,女,深圳,7164.22,3,2020-01-07,False,25
152,用户152,75,男,杭州,13368.76,6,2020-01-07,False,22
153,用户153,58,男,杭州,31116.59,4,2020-01-07,False,42
154,用户154,45,男,北京,37576.17,6,2020-01-07,False,12
155,用户155,24,女,上海,49922.33,3,2020-01-07,True,27
156,用户156,26,女,杭州,46856.33,4,2020-01-07,True,8
157,用户157,25,男,杭州,33200.56,9,2020-01-07,False,19
158,用户158,29,女,广州,,5,2020-01-07,True,18
159,用户159,51,男,上海,32900.34,7,2020-01-07,False,47
160,用户160,50,男,广州,39925.63,10,2020-01-07,False,38
161,用户161,65,男,上海,8561.8,2,2020-01-07,True,11
162,用户162,72,男,广州,22265.53,5,2020-01-07,True,14
163,用户163,40,女,杭州,42470.71,9,2020-01-07,True,30
164,用户164,79,女,杭州,21040.15,3,2020-01-07,True,13
165,用户165,41,女,北京,29878.0,9,2020-01-07,True,10
166,用户166,54,男,广州,30625.16,6,2020-01-07,False,25
167,用户167,52,女,深圳,11670.38,4,2020-01-07,True,41
168,用户168,61,男,北京,20025.07,7,2020-01-07,True,26
169,用户169,57,女,广州,18722.03,8,2020-01-08,True,10
170,用户170,39,男,广州,4231.25,6,2020-01-08,False,37
171,用户171,44,男,北京,4137.01,5,2020-01-08,True,33
172,用户172,52,男,杭州,42089.76,6,2020-01-08,False,42
173,用户173,18,女,广州,15834.33,5,2020-01-08,True,18
174,用户174,52,女,杭州,27349.7,8,2020-01-08,True,5
175,用户175,54,女,北京,17040.1,1,2020-01-08,False,45
176,用户176,64,女,杭州,47211.92,7,2020-01-08,True,37
177,用户177,31,男,上海,15186.95,10,2020-01-08,True,48
178,用户178,20,女,深圳,23193.87,10,2020-01-08,False,41
179,用户179,18,女,广州,44018.32,2,2020-01-08,True,27
180,用户180,22,男,深圳,42570.88,9,2020-01-08,False,0
181,用户181,43,男,杭州,11746.77,1,2020-01-08,False,34
182,用户182,72,男,广州,40724.24,10,2020-01-08,False,39
183,用户183,31,女,杭州,24534.78,6,2020-01-08,False,7
184,用户184,56,男,上海,25699.54,9,2020-01-08,False,46
185,用户185,44,男,北京,9273.56,1,2020-01-08,True,6
186,用户186,26,男,广州,6788.27,4,2020-01-08,True,10
187,用户187,32,女,上海,37213.15,4,2020-01-08,True,38
188,用户188,32,男,上海,26333.67,9,2020-01-08,False,3
189,用户189,43,女,广州,23531.98,5,2020-01-08,False,24
190,用户190,59,女,杭州,37286.89,5,2020-01-08,False,11
191,用户191,77,男,上海,38979.11,6,2020-01-08,False,25
192,用户192,30,男,深圳,10468.68,1,2020-01-08,True,37
193,用户193,68,女,上海,,1,2020-01-09,True,45
194,用户194,49,男,杭州,9361.64,9,2020-01-09,False,11
195,用户195,56,男,杭州,38314.63,3,2020-01-09,False,42
196,用户196,66,女,深圳,33876.89,4,2020-01-09,True,36
197,用户197,69,女,上海,47960.89,1,2020-01-09,False,45
198,用户198,78,男,na,6241.03,9,2020-01-09,False,23
199,用户199,49,女,广州,5681.57,8,2020-01-09,False,15
200,用户200,21,男,北京,16262.79,2,2020-01-09,True,12
201,用户201,47,男,北京,15300.17,8,2020-01-09,True,24
202,用户202,54,男,北京,14608.0,7,2020-01-09,False,3
203,用户203,40,女,上海,45593.97,6,2020-01-09,True,10
204,用户204,56,男,深圳,14728.67,1,2020-01-09,False,31
205,用户205,62,男,杭州,15781.64,7,2020-01-09,False,48
206,用户206,32,男,广州,38691.72,10,2020-01-09,True,6
207,用户207,60,女,广州,,7,2020-01-09,False,45
208,用户208,46,女,上海,39505.4,9,2020-01-09,False,10
209,用户209,53,女,北京,6072.21,1,2020-01-09,True,27
210,用户210,30,女,上海,25915.85,2,2020-01-09,False,40
211,用户211,49,女,深圳,4579.84,9,2020-01-09,False,22
212,用户212,24,男,深圳,,9,2020-01-09,False,44
213,用户213,76,女,杭州,45602.56,6,2020-01-09,True,22
214,用户214,68,女,杭州,9544.53,6,2020-01-09,False,49
215,用户215,39,女,深圳,28023.77,4,2020-01-09,True,27
216,用户216,45,男,深圳,22321.49,4,2020-01-09,False,42
217,用户217,19,女,深圳,19325.14,5,2020-01-10,False,46
218,用户218,59,女,上海,45292.17,3,2020-01-10,False,25
219,用户219,62,男,深圳,4025.7,1,2020-01-10,False,24
220,用户220,79,女,广州,34198.12,1,2020-01-10,True,28
221,用户221,74,男,北京,48279.54,7,2020-01-10,True,18
222,用户222,70,男,深圳,29327.9,1,2020-01-10,False,32
223,用户223,23,男,北京,47030.66,1,2020-01-10,False,35
224,用户224,45,男,上海,5456.12,3,2020-01-10,False,13
225,用户225,45,男,北京,22683.29,10,2020-01-10,False,13
226,用户226,61,女,上海,15227.42,4,2020-01-10,False,34
227,用户227,61,男,广州,37348.59,4,2020-01-10,False,29
228,用户228,37,男,上海,49120.96,2,2020-01-10,False,27
229,用户229,47,女,上海,15056.91,1,2020-01-10,False,16
230,用户230,79,男,杭州,33746.21,3,2020-01-10,True,2
231,用户231,28,女,深圳,12310.59,4,2020-01-10,True,15
232,用户232,75,女,深圳,29570.52,3,2020-01-10,True,45
233,用户233,72,女,广州,24804.83,8,2020-01-10,False,29
234,用户234,45,男,广州,48684.25,10,2020-01-10,False,28
235,用户235,42,男,深圳,31600.78,1,2020-01-10,False,44
236,用户236,56,男,杭州,19426.8,2,2020-01-10,True,14
237,用户237,79,女,深圳,8362.5,7,2020-01-10,False,45
238,用户238,50,男,杭州,10108.6,4,2020-01-10,True,24
239,用户239,18,男,广州,13589.9,8,2020-01-10,False,37
240,用户240,74,男,北京,14795.43,3,2020-01-10,True,41
241,用户241,44,女,广州,,6,2020-01-11,True,46
242,用户242,79,女,广州,29377.47,9,2020-01-11,True,37
243,用户243,74,男,上海,27599.37,1,2020-01-11,False,22
244,用户244,69,男,上海,8394.14,1,2020-01-11,True,24
245,用户245,30,男,上海,43426.57,8,2020-01-11,False,41
246,用户246,58,男,上海,36972.27,3,2020-01-11,False,6
247,用户247,20,女,杭州,6180.41,5,2020-01-11,False,21
248,用户248,56,女,深圳,,1,2020-01-11,False,16
249,用户249,23,女,北京,28546.3,5,2020-01-11,False,17
250,用户250,25,女,广州,6841.09,6,2020-01-11,True,48
251,用户251,44,男,杭州,24540.13,8,2020-01-11,False,40
252,用户252,26,男,北京,25780.73,3,2020-01-11,False,9
253,用户253,79,男,杭州,10791.4,3,2020-01-11,False,9
254,用户254,54,女,杭州,47447.81,10,2020-01-11,False,6
255,用户255,50,男,广州,42948.84,9,2020-01-11,False,47
256,用户256,68,女,深圳,34444.05,4,2020-01-11,True,49
257,用户257,59,女,上海,24727.89,4,2020-01-11,True,37
258,用户258,61,男,深圳,22352.98,7,2020-01-11,False,26
259,用户259,41,男,广州,33595.75,2,2020-01-11,True,32
260,用户260,32,男,广州,28635.3,8,2020-01-11,True,0
261,用户261,76,女,广州,5926.84,6,2020-01-11,False,43
262,用户262,71,男,北京,27087.62,3,2020-01-11,True,33
263,用户263,49,女,深圳,40900.97,9,2020-01-11,False,3
264,用户264,49,男,深圳,24584.27,5,2020-01-11,True,16
265,用户265,41,女,杭州,5441.96,8,2020-01-12,True,3
266,用户266,58,女,杭州,39955.08,7,2020-01-12,True,42
267,用户267,69,男,杭州,12464.1,8,2020-01-12,False,25
268,用户268,66,女,广州,15155.18,7,2020-01-12,True,3
269,用户269,79,女,深圳,10741.2,3,2020-01-12,True,0
270,用户270,66,男,广州,18520.11,2,2020-01-12,False,6
271,用户271,75,女,北京,38567.32,7,2020-01-12,False,29
272,用户272,69,男,杭州,27411.14,3,2020-01-12,True,49
273,用户273,29,女,广州,,3,2020-01-12,False,8
274,用户274,79,男,广州,44258.01,2,2020-01-12,True,34
275,用户275,56,男,北京,44340.35,4,2020-01-12,True,7
276,用户276,19,女,上海,43917.19,8,2020-01-12,False,23
277,用户277,20,女,深圳,14223.42,1,2020-01-12,False,18
278,用户278,66,女,上海,,1,2020-01-12,False,35
279,用户279,54,女,杭州,49294.51,5,2020-01-12,True,49
280,用户280,66,女,广州,39284.59,5,2020-01-12,False,42
281,用户281,73,男,北京,4276.87,1,2020-01-12,True,26
282,用户282,34,女,北京,6064.62,6,2020-01-12,False,31
283,用户283,76,男,深圳,24804.77,1,2020-01-12,True,13
284,用户284,66,男,上海,45733.35,5,2020-01-12,False,17
285,用户285,19,女,深圳,28318.98,9,2020-01-12,True,27
286,用户286,19,男,广州,,5,2020-01-12,False,28
287,用户287,45,男,深圳,7957.26,6,2020-01-12,True,15
288,用户288,71,男,北京,33868.66,8,2020-01-12,False,34
289,用户289,40,男,北京,41638.85,1,2020-01-13,False,46
290,用户290,54,女,杭州,20879.74,2,2020-01-13,True,30
291,用户291,49,男,杭州,39453.76,9,2020-01-13,False,3
292,用户292,50,女,广州,48330.4,3,2020-01-13,True,36
293,用户293,18,女,上海,12577.02,6,2020-01-13,True,16
294,用户294,36,男,深圳,,5,2020-01-13,False,38
295,用户295,79,女,广州,16495.48,2,2020-01-13,True,47
296,用户296,19,女,杭州,,7,2020-01-13,False,45
297,用户297,70,女,深圳,30146.89,4,2020-01-13,False,25
298,用户298,61,男,na,32825.37,1,2020-01-13,True,47
299,用户299,43,女,深圳,40501.97,4,2020-01-13,False,38
300,用户300,49,女,上海,21610.61,6,2020-01-13,True,40
301,用户301,23,女,广州,46009.23,7,2020-01-13,True,3
302,用户302,49,男,深圳,28052.36,7,2020-01-13,False,29
303,用户303,72,女,北京,10423.88,7,2020-01-13,False,29
304,用户304,21,男,北京,35707.26,3,2020-01-13,True,21
305,用户305,72,男,深圳,40283.28,6,2020-01-13,True,10
306,用户306,28,男,深圳,17887.8,8,2020-01-13,False,1
307,用户307,73,男,深圳,43287.43,4,2020-01-13,False,43
308,用户308,76,男,北京,45588.73,8,2020-01-13,False,11
309,用户309,34,男,北京,16014.51,2,2020-01-13,False,29
310,用户310,55,女,深圳,49225.51,10,2020-01-13,True,35
311,用户311,41,男,杭州,9613.44,9,2020-01-13,False,17
312,用户312,22,女,杭州,12494.74,9,2020-01-13,True,25
313,用户313,69,女,上海,11658.57,8,2020-01-14,True,6
314,用户314,51,男,广州,45017.52,10,2020-01-14,False,0
315,用户315,23,女,杭州,33751.75,10,2020-01-14,True,25
316,用户316,39,女,北京,10148.9,1,2020-01-14,False,22
317,用户317,28,女,杭州,23695.2,2,2020-01-14,True,25
318,用户318,65,女,上海,31919.01,6,2020-01-14,False,44
319,用户319,33,男,上海,6922.81,10,2020-01-14,True,5
320,用户320,50,女,广州,44473.57,5,2020-01-14,True,5
321,用户321,26,男,杭州,40769.37,9,2020-01-14,False,43
322,用户322,77,女,北京,26744.72,5,2020-01-14,False,7
323,用户323,76,女,北京,48454.95,2,2020-01-14,True,23
324,用户324,23,男,深圳,22634.77,10,2020-01-14,True,21
325,用户325,33,女,北京,49253.18,4,2020-01-14,False,18
326,用户326,46,女,广州,34392.24,9,2020-01-14,True,36
327,用户327,20,女,广州,32829.55,1,2020-01-14,False,17
328,用户328,37,男,北京,10799.88,1,2020-01-14,True,30
329,用户329,77,女,北京,44450.6,7,2020-01-14,False,36
330,用户330,76,男,深圳,23092.02,3,2020-01-14,True,29
331,用户331,53,女,北京,10624.97,10,2020-01-14,False,41
332,用户332,36,男,深圳,3592.55,2,2020-01-14,False,32
333,用户333,43,男,深圳,29308.52,9,2020-01-14,True,9
334,用户334,20,女,北京,27787.78,3,2020-01-14,False,36
335,用户335,36,女,上海,36809.62,2,2020-01-14,True,11
336,用户336,37,男,上海,44842.13,8,2020-01-14,False,29
337,用户337,49,男,深圳,6732.11,10,2020-01-15,False,26
338,用户338,24,女,北京,37380.34,6,2020-01-15,False,38
339,用户339,69,男,上海,11808.36,6,2020-01-15,True,8
340,用户340,58,女,北京,43334.32,10,2020-01-15,False,20
341,用户341,50,女,北京,41495.99,7,2020-01-15,True,11
342,用户342,57,女,北京,28417.31,7,2020-01-15,False,28
343,用户343,56,女,杭州,36381.41,6,2020-01-15,True,32
344,用户344,35,男,北京,17774.46,4,2020-01-15,True,42
345,用户345,57,女,杭州,25144.89,9,2020-01-15,True,14
346,用户346,18,男,深圳,41616.93,6,2020-01-15,False,1
347,用户347,28,女,上海,24585.46,4,2020-01-15,True,38
348,用户348,45,男,上海,19816.52,3,2020-01-15,False,43
349,用户349,74,女,上海,26227.99,4,2020-01-15,True,17
350,用户350,42,男,上海,41927.71,3,2020-01-15,True,2
351,用户351,67,男,上海,18754.78,2,2020-01-15,True,6
352,用户352,40,女,上海,11166.79,5,2020-01-15,True,42
353,用户353,48,女,上海,36464.66,2,2020-01-15,False,17
354,用户354,47,女,深圳,41820.98,6,2020-01-15,True,43
355,用户355,59,女,北京,7729.96,3,2020-01-15,True,37
356,用户356,52,男,广州,14274.08,6,2020-01-15,False,36
357,用户357,24,女,杭州,9672.68,10,2020-01-15,True,32
358,用户358,77,男,广州,19353.25,9,2020-01-15,True,43
359,用户359,33,男,广州,24166.5,1,2020-01-15,True,30
360,用户360,43,女,北京,38194.84,6,2020-01-15,True,10
361,用户361,65,男,北京,33603.94,9,2020-01-16,False,3
362,用户362,74,男,北京,32183.64,4,2020-01-16,False,17
363,用户363,69,男,上海,,2,2020-01-16,True,3
364,用户364,77,男,深圳,42548.03,4,2020-01-16,False,48
365,用户365,66,女,上海,25150.5,1,2020-01-16,False,33
366,用户366,19,女,深圳,49017.93,3,2020-01-16,True,28
367,用户367,18,女,深圳,32804.68,10,2020-01-16,False,23
368,用户368,65,女,广州,8934.44,9,2020-01-16,True,21
369,用户369,79,男,na,34780.35,10,2020-01-16,False,1
370,用户370,29,男,深圳,18279.89,5,2020-01-16,False,43
371,用户371,22,女,深圳,35257.38,6,2020-01-16,False,5
372,用户372,54,女,上海,6273.13,3,2020-01-16,True,41
373,用户373,49,女,上海,11219.43,5,2020-01-16,False,24
374,用户374,76,男,广州,43219.65,8,2020-01-16,True,20
375,用户375,72,女,北京,13677.44,6,2020-01-16,True,15
376,用户376,26,女,深圳,42340.93,4,2020-01-16,False,30
377,用户377,58,女,上海,16125.98,2,2020-01-16,True,13
378,用户378,52,男,广州,33215.45,9,2020-01-16,False,38
379,用户379,36,男,上海,35625.08,1,2020-01-16,True,27
380,用户380,65,男,深圳,27094.77,1,2020-01-16,True,31
381,用户381,33,男,深圳,17349.6,4,2020-01-16,False,27
382,用户382,20,男,杭州,12994.29,7,2020-01-16,False,48
383,用户383,37,男,北京,4559.9,1,2020-01-16,False,8
384,用户384,41,男,na,17285.48,9,2020-01-16,False,44
385,用户385,71,男,广州,33698.65,4,2020-01-17,True,21
386,用户386,73,女,上海,47100.33,3,2020-01-17,True,31
387,用户387,50,女,广州,43946.61,1,2020-01-17,True,4
388,用户388,41,男,深圳,39005.04,10,2020-01-17,False,22
389,用户389,69,男,杭州,40057.03,4,2020-01-17,True,4
390,用户390,28,女,杭州,34254.29,9,2020-01-17,False,41
391,用户391,66,男,杭州,15233.48,10,2020-01-17,True,31
392,用户392,25,男,广州,45638.17,6,2020-01-17,False,9
393,用户393,53,男,深圳,34524.42,6,2020-01-17,True,38
394,用户394,55,女,上海,29340.71,1,2020-01-17,True,14
395,用户395,57,女,上海,8216.51,10,2020-01-17,False,6
396,用户396,37,女,广州,24011.61,2,2020-01-17,True,28
397,用户397,79,女,杭州,24636.84,6,2020-01-17,False,46
398,用户398,52,女,北京,,2,2020-01-17,True,2
399,用户399,65,男,广州,28692.47,3,2020-01-17,True,18
400,用户400,79,女,广州,20878.83,4,2020-01-17,False,9
401,用户401,42,男,深圳,48909.62,5,2020-01-17,False,27
402,用户402,52,男,上海,,9,2020-01-17,True,28
403,用户403,42,女,广州,22859.78,4,2020-01-17,True,14
404,用户404,46,女,广州,4975.16,9,2020-01-17,True,34
405,用户405,35,男,杭州,37775.49,10,2020-01-17,True,5
406,用户406,63,男,杭州,46149.6,3,2020-01-17,True,11
407,用户407,35,男,北京,16161.75,8,2020-01-17,True,46
408,用户408,19,女,深圳,43342.06,1,2020-01-17,False,37
409,用户409,71,女,北京,16734.26,9,2020-01-18,False,12
410,用户410,52,女,杭州,45806.2,9,2020-01-18,False,28
411,用户411,33,女,na,38436.21,10,2020-01-18,True,18
412,用户412,78,女,杭州,40830.62,2,2020-01-18,True,2
413,用户413,58,男,深圳,,4,2020-01-18,True,7
414,用户414,53,女,杭州,48252.09,8,2020-01-18,False,7
415,用户415,50,男,深圳,37153.54,7,2020-01-18,False,19
416,用户416,21,男,深圳,17323.3,1,2020-01-18,True,46
417,用户417,50,男,深圳,41981.55,5,2020-01-18,True,3
418,用户418,31,女,深圳,16231.5,7,2020-01-18,False,20
419,用户419,38,女,深圳,44019.43,4,2020-01-18,False,2
420,用户420,65,女,上海,8291.28,1,2020-01-18,False,44
421,用户421,37,男,北京,36073.24,9,2020-01-18,True,7
422,用户422,73,男,广州,28412.83,5,2020-01-18,True,22
423,用户423,25,男,北京,7537.12,2,2020-01-18,True,15
424,用户424,24,男,深圳,14369.01,8,2020-01-18,False,12
425,用户425,20,男,上海,,2,2020-01-18,False,2
426,用户426,34,男,杭州,25032.09,3,2020-01-18,True,47
427,用户427,50,女,上海,17159.47,10,2020-01-18,True,8
428,用户428,65,女,深圳,31122.8,1,2020-01-18,False,13
429,用户429,29,女,上海,16970.18,2,2020-01-18,True,12
430,用户430,76,女,上海,17096.2,7,2020-01-18,False,6
431,用户431,68,男,na,,10,2020-01-18,False,14
432,用户432,39,男,上海,5262.71,2,2020-01-18,True,6
433,用户433,72,女,广州,45436.06,6,2020-01-19,False,37
434,用户434,39,男,广州,43056.4,3,2020-01-19,True,33
435,用户435,63,女,上海,,4,2020-01-19,False,40
436,用户436,47,女,杭州,30881.41,8,2020-01-19,False,21
437,用户437,55,女,深圳,44938.22,3,2020-01-19,True,23
438,用户438,55,男,广州,11710.52,10,2020-01-19,False,48
439,用户439,62,女,杭州,6711.55,6,2020-01-19,True,36
440,用户440,68,女,上海,,1,2020-01-19,True,43
441,用户441,71,女,杭州,40345.18,7,2020-01-19,False,0
442,用户442,25,男,北京,4629.5,8,2020-01-19,True,9
443,用户443,44,男,广州,30391.92,8,2020-01-19,True,42
444,用户444,44,女,上海,49785.56,3,2020-01-19,True,15
445,用户445,51,男,深圳,43217.72,10,2020-01-19,True,45
446,用户446,38,男,上海,27507.95,1,2020-01-19,True,7
447,用户447,47,男,深圳,5991.12,9,2020-01-19,True,48
448,用户448,50,男,上海,42074.56,6,2020-01-19,False,24
449,用户449,45,男,杭州,31151.99,9,2020-01-19,True,49
450,用户450,64,男,杭州,8401.85,7,2020-01-19,False,11
451,用户451,50,男,杭州,7411.29,1,2020-01-19,False,24
452,用户452,22,男,北京,45752.46,1,2020-01-19,True,16
453,用户453,77,男,深圳,34452.41,6,2020-01-19,False,25
454,用户454,78,男,杭州,41976.48,5,2020-01-19,False,45
455,用户455,65,女,北京,44312.01,9,2020-01-19,True,47
456,用户456,36,女,深圳,29873.3,2,2020-01-19,True,13
457,用户457,21,男,上海,27319.98,8,2020-01-20,True,40
458,用户458,52,女,北京,23230.09,5,2020-01-20,False,35
459,用户459,66,女,na,17896.49,2,2020-01-20,False,22
460,用户460,34,男,北京,23426.01,10,2020-01-20,True,42
461,用户461,61,男,北京,39372.34,6,2020-01-20,True,5
462,用户462,45,男,深圳,31290.4,10,2020-01-20,False,46
463,用户463,47,女,上海,44948.59,8,2020-01-20,False,4
464,用户464,46,女,广州,23838.86,4,2020-01-20,False,42
465,用户465,63,男,杭州,31533.21,2,2020-01-20,False,24
466,用户466,70,男,杭州,32671.45,5,2020-01-20,True,17
467,用户467,23,男,北京,30809.77,2,2020-01-20,False,12
468,用户468,52,女,深圳,36023.79,2,2020-01-20,False,42
469,用户469,77,女,深圳,14159.37,6,2020-01-20,False,13
470,用户470,58,女,杭州,,10,2020-01-20,False,27
471,用户471,54,女,广州,,9,2020-01-20,True,17
472,用户472,41,男,上海,21072.03,4,2020-01-20,True,27
473,用户473,46,男,广州,25920.35,6,2020-01-20,False,26
474,用户474,66,男,na,33654.54,7,2020-01-20,False,31
475,用户475,63,男,杭州,47674.96,6,2020-01-20,True,46
476,用户476,70,女,上海,31230.6,8,2020-01-20,True,8
477,用户477,48,女,深圳,37948.91,4,2020-01-20,False,39
478,用户478,52,男,北京,26794.5,1,2020-01-20,False,31
479,用户479,77,男,北京,32802.89,7,2020-01-20,True,19
480,用户480,50,女,杭州,6333.81,3,2020-01-20,True,27
481,用户481,69,男,深圳,14956.4,6,2020-01-21,True,32
482,用户482,78,女,广州,20007.1,2,2020-01-21,True,3
483,用户483,38,男,深圳,25207.19,9,2020-01-21,True,45
484,用户484,49,男,北京,5145.49,1,2020-01-21,True,33
485,用户485,40,男,北京,9581.13,6,2020-01-21,False,47
486,用户486,50,男,深圳,16010.27,6,2020-01-21,True,2
487,用户487,20,男,深圳,48662.04,5,2020-01-21,True,25
488,用户488,35,男,北京,18573.31,5,2020-01-21,True,7
489,用户489,42,男,广州,25655.93,1,2020-01-21,True,5
490,用户490,59,女,杭州,12216.59,10,2020-01-21,False,15
491,用户491,48,女,杭州,31706.66,5,2020-01-21,False,23
492,用户492,71,女,深圳,16192.11,2,2020-01-21,True,47
493,用户493,75,女,杭州,12728.65,7,2020-01-21,False,38
494,用户494,20,女,北京,,3,2020-01-21,False,29
495,用户495,57,男,北京,3258.77,4,2020-01-21,False,44
496,用户496,63,男,深圳,3360.21,3,2020-01-21,False,12
497,用户497,41,女,深圳,13296.23,3,2020-01-21,False,4
498,用户498,67,男,深圳,4725.9,4,2020-01-21,False,24
499,用户499,49,女,na,8077.21,5,2020-01-21,True,19
500,用户500,64,女,杭州,18926.45,1,2020-01-21,True,17
501,用户501,39,男,深圳,40721.53,4,2020-01-21,True,46
502,用户502,40,男,上海,29886.29,8,2020-01-21,True,17
503,用户503,19,男,上海,27095.38,10,2020-01-21,True,1
504,用户504,44,女,北京,16793.97,7,2020-01-21,False,9
505,用户505,59,男,杭州,46792.42,9,2020-01-22,True,44
506,用户506,19,女,na,21659.71,5,2020-01-22,True,49
507,用户507,43,女,上海,7093.36,10,2020-01-22,False,46
508,用户508,34,女,杭州,32002.13,4,2020-01-22,False,11
509,用户509,57,男,北京,8350.4,8,2020-01-22,True,46
510,用户510,50,男,广州,19225.49,9,2020-01-22,False,12
511,用户511,26,女,杭州,26848.36,7,2020-01-22,False,49
512,用户512,60,男,杭州,44088.46,7,2020-01-22,False,46
513,用户513,71,男,广州,26196.69,5,2020-01-22,False,10
514,用户514,65,男,杭州,36006.16,4,2020-01-22,True,18
515,用户515,56,女,北京,49662.39,10,2020-01-22,False,34
516,用户516,46,女,北京,9179.99,1,2020-01-22,True,38
517,用户517,59,男,广州,15912.38,10,2020-01-22,True,25
518,用户518,72,女,深圳,21545.08,10,2020-01-22,False,45
519,用户519,43,男,上海,22825.92,7,2020-01-22,False,13
520,用户520,52,男,深圳,22317.99,1,2020-01-22,False,44
521,用户521,67,男,na,45657.72,1,2020-01-22,True,43
522,用户522,42,男,上海,36559.53,5,2020-01-22,False,23
523,用户523,41,女,广州,31571.55,9,2020-01-22,False,40
524,用户524,30,女,广州,17540.52,6,2020-01-22,False,0
525,用户525,77,女,上海,41718.15,3,2020-01-22,False,42
526,用户526,75,男,北京,47887.84,3,2020-01-22,False,21
527,用户527,24,男,上海,41596.32,7,2020-01-22,True,22
528,用户528,74,男,杭州,3073.56,6,2020-01-22,False,18
529,用户529,53,女,北京,32910.86,9,2020-01-23,False,17
530,用户530,62,男,广州,5403.36,6,2020-01-23,False,11
531,用户531,37,女,上海,15107.54,5,2020-01-23,True,27
532,用户532,18,女,na,5797.66,10,2020-01-23,False,27
533,用户533,25,女,深圳,31378.39,7,2020-01-23,True,32
534,用户534,63,女,杭州,,1,2020-01-23,True,18
535,用户535,33,女,深圳,8380.92,7,2020-01-23,False,27
536,用户536,31,女,上海,,3,2020-01-23,False,48
537,用户537,29,男,上海,24443.12,9,2020-01-23,False,36
538,用户538,68,男,深圳,20345.49,6,2020-01-23,True,25
539,用户539,40,女,上海,8688.18,9,2020-01-23,True,34
540,用户540,32,女,杭州,22690.55,5,2020-01-23,True,33
541,用户541,45,男,北京,38305.37,7,2020-01-23,True,34
542,用户542,51,女,杭州,6337.36,4,2020-01-23,True,39
543,用户543,19,女,杭州,,7,2020-01-23,True,15
544,用户544,49,男,上海,19674.25,1,2020-01-23,False,37
545,用户545,40,女,北京,47261.11,7,2020-01-23,False,12
546,用户546,39,女,上海,34422.91,8,2020-01-23,True,22
547,用户547,68,女,广州,34897.49,5,2020-01-23,False,21
548,用户548,42,男,上海,20010.24,2,2020-01-23,False,15
549,用户549,75,男,上海,30902.06,5,2020-01-23,True,27
550,用户550,79,男,上海,3476.17,6,2020-01-23,True,47
551,用户551,78,女,北京,32896.51,2,2020-01-23,False,34
552,用户552,39,女,上海,45924.49,6,2020-01-23,True,44
553,用户553,75,男,北京,31790.95,6,2020-01-24,True,45
554,用户554,75,女,深圳,,1,2020-01-24,False,7
555,用户555,39,女,广州,37026.73,1,2020-01-24,True,43
556,用户556,66,女,北京,8666.25,10,2020-01-24,False,21
557,用户557,69,女,深圳,45415.31,3,2020-01-24,False,20
558,用户558,59,女,北京,6122.86,10,2020-01-24,False,25
559,用户559,23,男,北京,28096.47,10,2020-01-24,False,39
560,用户560,32,女,广州,9680.44,3,2020-01-24,False,20
561,用户561,71,男,杭州,3550.21,4,2020-01-24,True,24
562,用户562,60,女,杭州,22835.61,2,2020-01-24,True,40
563,用户563,77,男,北京,16866.91,9,2020-01-24,True,0
564,用户564,54,女,上海,25842.02,10,2020-01-24,True,5
565,用户565,50,男,深圳,30128.39,7,2020-01-24,False,22
566,用户566,25,女,上海,5055.74,7,2020-01-24,False,22
567,用户567,70,男,上海,8781.15,6,2020-01-24,True,42
568,用户568,77,女,北京,29256.19,3,2020-01-24,False,42
569,用户569,61,男,北京,19128.87,6,2020-01-24,True,22
570,用户570,61,女,北京,37271.15,8,2020-01-24,True,31
571,用户571,22,男,北京,33657.71,8,2020-01-24,True,29
572,用户572,56,男,杭州,42743.41,9,2020-01-24,False,12
573,用户573,21,女,北京,35547.16,1,2020-01-24,False,42
574,用户574,23,女,na,23206.76,1,2020-01-24,False,17
575,用户575,62,男,杭州,34629.43,3,2020-01-24,False,22
576,用户576,49,女,北京,15942.92,3,2020-01-24,True,14
577,用户577,69,男,广州,17396.73,10,2020-01-25,False,32
578,用户578,47,男,深圳,40082.3,8,2020-01-25,False,20
579,用户579,64,男,上海,23981.72,10,2020-01-25,False,38
580,用户580,52,女,杭州,40523.88,1,2020-01-25,True,22
581,用户581,72,男,深圳,41653.85,2,2020-01-25,True,26
582,用户582,57,男,na,43305.43,2,2020-01-25,False,44
583,用户583,69,女,上海,46081.86,3,2020-01-25,False,43
584,用户584,33,女,上海,23256.31,6,2020-01-25,False,17
585,用户585,30,女,杭州,17986.74,1,2020-01-25,False,23
586,用户586,67,女,北京,30363.34,2,2020-01-25,True,46
587,用户587,77,男,广州,20445.1,1,2020-01-25,False,39
588,用户588,59,男,杭州,31250.49,5,2020-01-25,False,41
589,用户589,47,男,广州,36162.54,7,2020-01-25,False,6
590,用户590,36,男,北京,35355.04,8,2020-01-25,True,49
591,用户591,34,女,北京,20603.99,10,2020-01-25,True,47
592,用户592,73,男,杭州,10842.43,1,2020-01-25,False,19
593,用户593,36,男,北京,23234.88,7,2020-01-25,False,26
594,用户594,45,女,深圳,9701.92,5,2020-01-25,False,5
595,用户595,75,男,上海,44834.56,10,2020-01-25,False,26
596,用户596,72,男,杭州,19256.24,1,2020-01-25,False,8
597,用户597,43,男,广州,10259.61,3,2020-01-25,True,44
598,用户598,54,男,深圳,4196.04,7,2020-01-25,True,30
599,用户599,43,男,杭州,33353.65,10,2020-01-25,True,20
600,用户600,70,男,北京,32934.41,1,2020-01-25,False,25
601,用户601,79,女,北京,19008.4,7,2020-01-26,True,39
602,用户602,40,女,北京,6370.46,5,2020-01-26,True,47
603,用户603,26,男,北京,22252.56,1,2020-01-26,True,44
604,用户604,29,男,广州,17627.22,1,2020-01-26,False,12
605,用户605,70,女,深圳,34824.67,1,2020-01-26,False,48
606,用户606,18,男,上海,31471.62,9,2020-01-26,True,22
607,用户607,75,男,广州,20135.91,3,2020-01-26,False,19
608,用户608,75,男,广州,13240.95,5,2020-01-26,True,36
609,用户609,18,女,上海,49437.69,10,2020-01-26,True,27
610,用户610,64,男,上海,,9,2020-01-26,True,16
611,用户611,51,女,北京,,6,2020-01-26,True,27
612,用户612,49,男,广州,9605.99,9,2020-01-26,False,40
613,用户613,79,女,杭州,25822.72,8,2020-01-26,False,1
614,用户614,71,女,上海,4294.23,8,2020-01-26,False,24
615,用户615,65,男,上海,26756.39,1,2020-01-26,False,49
616,用户616,42,女,深圳,48308.82,9,2020-01-26,True,40
617,用户617,57,男,杭州,21057.72,6,2020-01-26,False,5
618,用户618,62,女,杭州,,9,2020-01-26,True,10
619,用户619,70,男,上海,4454.92,3,2020-01-26,False,37
620,用户620,18,男,北京,21235.38,3,2020-01-26,False,5
621,用户621,33,女,深圳,10521.17,6,2020-01-26,False,44
622,用户622,78,男,杭州,4097.55,9,2020-01-26,True,10
623,用户623,56,男,上海,38542.04,7,2020-01-26,True,13
624,用户624,22,女,杭州,24550.58,3,2020-01-26,True,1
625,用户625,39,男,深圳,16594.5,3,2020-01-27,True,39
626,用户626,46,男,深圳,45303.91,2,2020-01-27,False,2
627,用户627,72,女,广州,8458.53,9,2020-01-27,True,34
628,用户628,20,女,上海,47928.18,3,2020-01-27,True,32
629,用户629,29,男,深圳,17756.44,5,2020-01-27,False,23
630,用户630,43,男,广州,44754.97,9,2020-01-27,False,18
631,用户631,33,女,广州,31338.32,8,2020-01-27,True,17
632,用户632,68,女,杭州,41855.25,2,2020-01-27,False,48
633,用户633,54,男,杭州,49248.62,3,2020-01-27,True,23
634,用户634,39,女,广州,16555.06,2,2020-01-27,False,44
635,用户635,74,男,杭州,48173.37,8,2020-01-27,True,34
636,用户636,46,男,深圳,21305.65,6,2020-01-27,True,0
637,用户637,31,男,北京,21119.06,6,2020-01-27,True,35
638,用户638,45,男,深圳,18998.19,9,2020-01-27,True,24
639,用户639,22,男,广州,28446.16,8,2020-01-27,True,44
640,用户640,64,女,广州,10244.82,4,2020-01-27,False,48
641,用户641,66,女,深圳,29024.44,4,2020-01-27,True,42
642,用户642,47,女,杭州,28460.13,9,2020-01-27,True,33
643,用户643,63,女,杭州,38809.39,1,2020-01-27,True,24
644,用户644,79,男,广州,42181.55,2,2020-01-27,True,15
645,用户645,69,男,上海,23700.74,2,2020-01-27,True,33
646,用户646,22,男,杭州,17209.66,6,2020-01-27,False,28
647,用户647,29,男,深圳,15188.74,4,2020-01-27,False,18
648,用户648,33,女,杭州,12147.32,10,2020-01-27,True,22
649,用户649,43,男,深圳,5709.44,3,2020-01-28,False,18
650,用户650,43,男,广州,19095.06,3,2020-01-28,True,24
651,用户651,65,女,杭州,15701.64,3,2020-01-28,False,15
652,用户652,38,女,深圳,48421.62,6,2020-01-28,False,8
653,用户653,56,女,广州,29212.31,8,2020-01-28,True,0
654,用户654,53,女,上海,19322.02,7,2020-01-28,False,41
655,用户655,50,男,深圳,30281.98,4,2020-01-28,False,18
656,用户656,79,男,上海,9542.24,4,2020-01-28,True,32
657,用户657,47,女,上海,23870.06,10,2020-01-28,True,33
658,用户658,54,男,北京,32433.01,2,2020-01-28,False,15
659,用户659,40,男,杭州,25978.2,1,2020-01-28,False,43
660,用户660,75,男,深圳,21883.6,9,2020-01-28,False,39
661,用户661,27,女,上海,49710.87,2,2020-01-28,True,17
662,用户662,71,男,北京,44374.79,8,2020-01-28,False,33
663,用户663,22,女,广州,32300.08,9,2020-01-28,False,24
664,用户664,53,男,深圳,29760.74,4,2020-01-28,False,44
665,用户665,51,男,上海,32171.04,8,2020-01-28,True,5
666,用户666,69,男,杭州,12461.67,9,2020-01-28,True,20
667,用户667,48,女,北京,21571.47,10,2020-01-28,True,5
668,用户668,27,男,上海,4854.6,10,2020-01-28,True,31
669,用户669,75,女,杭州,25350.66,5,2020-01-28,False,40
670,用户670,36,女,上海,28522.16,7,2020-01-28,True,47
671,用户671,75,女,深圳,13704.24,10,2020-01-28,False,42
672,用户672,49,男,深圳,48309.36,4,2020-01-28,False,38
673,用户673,18,男,深圳,45744.37,1,2020-01-29,False,30
674,用户674,73,男,北京,36940.73,3,2020-01-29,False,41
675,用户675,22,男,深圳,28069.17,5,2020-01-29,True,9
676,用户676,62,女,杭州,43888.55,3,2020-01-29,True,29
677,用户677,21,女,上海,9140.66,7,2020-01-29,True,17
678,用户678,33,女,广州,40153.96,9,2020-01-29,True,23
679,用户679,41,男,杭州,8866.58,6,2020-01-29,True,8
680,用户680,33,女,杭州,40327.9,10,2020-01-29,False,30
681,用户681,72,男,深圳,15961.08,1,2020-01-29,True,14
682,用户682,19,女,北京,44223.26,7,2020-01-29,True,3
683,用户683,66,男,上海,47369.98,3,2020-01-29,True,39
684,用户684,45,男,北京,9993.41,5,2020-01-29,True,8
685,用户685,49,女,上海,24745.75,10,2020-01-29,False,44
686,用户686,44,女,上海,49106.41,4,2020-01-29,False,8
687,用户687,37,女,北京,25720.15,10,2020-01-29,False,25
688,用户688,41,女,杭州,43586.73,5,2020-01-29,False,3
689,用户689,29,男,上海,30670.38,5,2020-01-29,False,16
690,用户690,67,女,北京,20640.51,6,2020-01-29,True,15
691,用户691,52,女,上海,,10,2020-01-29,False,14
692,用户692,77,女,广州,12551.49,10,2020-01-29,False,34
693,用户693,50,男,杭州,38804.51,6,2020-01-29,False,4
694,用户694,50,男,na,21167.4,8,2020-01-29,True,4
695,用户695,78,女,上海,27029.95,8,2020-01-29,True,19
696,用户696,68,男,na,26139.3,9,2020-01-29,False,14
697,用户697,60,女,na,30132.11,8,2020-01-30,True,17
698,用户698,54,男,深圳,43682.13,2,2020-01-30,True,46
699,用户699,29,男,上海,49094.75,10,2020-01-30,False,1
700,用户700,20,男,北京,22156.46,1,2020-01-30,True,28
701,用户701,18,男,上海,41893.39,10,2020-01-30,True,12
702,用户702,50,女,广州,38932.81,2,2020-01-30,True,3
703,用户703,57,女,深圳,29955.86,2,2020-01-30,False,41
704,用户704,27,女,上海,47934.22,3,2020-01-30,False,44
705,用户705,60,男,北京,12422.3,10,2020-01-30,False,9
706,用户706,61,女,上海,8135.42,7,2020-01-30,True,30
707,用户707,46,女,杭州,43136.21,2,2020-01-30,False,40
708,用户708,30,女,北京,23640.04,1,2020-01-30,True,7
709,用户709,29,男,广州,42807.54,6,2020-01-30,True,2
710,用户710,48,男,深圳,44975.24,9,2020-01-30,True,47
711,用户711,63,男,上海,5935.51,3,2020-01-30,False,45
712,用户712,19,女,北京,44522.84,6,2020-01-30,False,8
713,用户713,78,女,杭州,24071.0,3,2020-01-30,False,29
714,用户714,68,女,北京,26990.33,1,2020-01-30,False,10
715,用户715,67,男,杭州,32449.85,5,2020-01-30,True,34
716,用户716,52,男,广州,46539.98,10,2020-01-30,False,36
717,用户717,40,女,深圳,3898.46,4,2020-01-30,True,41
718,用户718,34,男,广州,25411.64,7,2020-01-30,False,12
719,用户719,43,男,上海,35322.94,6,2020-01-30,False,35
720,用户720,25,男,北京,36967.23,10,2020-01-30,False,12
721,用户721,46,男,杭州,35549.02,7,2020-01-31,True,11
722,用户722,43,女,杭州,9318.45,5,2020-01-31,True,36
723,用户723,27,男,北京,17071.59,4,2020-01-31,True,9
724,用户724,43,男,北京,19859.63,7,2020-01-31,True,8
725,用户725,79,男,上海,40808.55,7,2020-01-31,True,6
726,用户726,51,男,广州,16101.71,6,2020-01-31,False,1
727,用户727,68,女,杭州,12903.13,8,2020-01-31,True,22
728,用户728,58,女,上海,48000.06,4,2020-01-31,True,38
729,用户729,24,男,广州,3416.57,10,2020-01-31,True,39
730,用户730,21,男,上海,49897.58,5,2020-01-31,True,38
731,用户731,75,男,杭州,34810.6,4,2020-01-31,False,20
732,用户732,70,男,北京,41938.06,1,2020-01-31,True,22
733,用户733,67,男,北京,16847.11,8,2020-01-31,False,28
734,用户734,62,男,广州,3672.82,1,2020-01-31,False,13
735,用户735,28,女,深圳,37679.87,5,2020-01-31,False,25
736,用户736,46,男,广州,42204.8,6,2020-01-31,True,4
737,用户737,73,女,深圳,37802.38,6,2020-01-31,False,30
738,用户738,53,女,上海,9713.96,5,2020-01-31,True,24
739,用户739,42,男,上海,38411.11,3,2020-01-31,True,30
740,用户740,38,女,杭州,39139.37,5,2020-01-31,True,49
741,用户741,78,女,深圳,33951.4,8,2020-01-31,True,19
742,用户742,74,女,杭州,39007.45,2,2020-01-31,True,43
743,用户743,53,女,北京,42758.31,6,2020-01-31,False,16
744,用户744,27,女,深圳,31839.39,9,2020-01-31,False,44
745,用户745,54,女,广州,7164.42,8,2020-02-01,True,1
746,用户746,26,男,北京,25918.51,8,2020-02-01,False,24
747,用户747,41,女,北京,6649.52,8,2020-02-01,True,12
748,用户748,52,女,广州,22154.52,7,2020-02-01,False,38
749,用户749,66,女,北京,22134.0,8,2020-02-01,False,27
750,用户750,52,男,深圳,6102.46,6,2020-02-01,False,41
751,用户751,65,女,杭州,19394.57,2,2020-02-01,False,5
752,用户752,53,男,北京,8216.91,2,2020-02-01,False,2
753,用户753,35,女,深圳,40987.05,8,2020-02-01,True,34
754,用户754,66,男,上海,47541.34,1,2020-02-01,True,17
755,用户755,56,男,深圳,6398.87,6,2020-02-01,False,10
756,用户756,49,女,杭州,47890.41,6,2020-02-01,True,19
757,用户757,41,女,深圳,27561.1,4,2020-02-01,False,4
758,用户758,40,男,广州,17079.59,10,2020-02-01,True,18
759,用户759,79,女,杭州,,3,2020-02-01,False,21
760,用户760,49,男,上海,26529.34,3,2020-02-01,False,18
761,用户761,54,男,广州,40342.23,1,2020-02-01,False,46
762,用户762,29,男,深圳,36233.06,3,2020-02-01,True,15
763,用户763,66,男,杭州,,4,2020-02-01,True,23
764,用户764,72,男,上海,6426.39,5,2020-02-01,False,40
765,用户765,30,女,广州,21935.04,3,2020-02-01,False,3
766,用户766,40,男,上海,16878.65,6,2020-02-01,True,14
767,用户767,42,男,深圳,13922.06,5,2020-02-01,True,24
768,用户768,52,女,上海,16207.21,3,2020-02-01,True,43
769,用户769,58,男,北京,40763.69,6,2020-02-02,True,34
770,用户770,47,女,广州,46673.72,6,2020-02-02,True,13
771,用户771,34,女,上海,22039.83,8,2020-02-02,False,48
772,用户772,66,女,深圳,45587.22,2,2020-02-02,True,18
773,用户773,79,男,深圳,18110.3,1,2020-02-02,False,37
774,用户774,37,男,上海,25392.54,4,2020-02-02,False,35
775,用户775,65,男,na,13623.36,7,2020-02-02,True,6
776,用户776,42,女,杭州,33102.37,10,2020-02-02,True,29
777,用户777,39,男,杭州,49012.11,3,2020-02-02,False,18
778,用户778,30,女,杭州,31364.18,3,2020-02-02,True,48
779,用户779,76,男,北京,19817.26,5,2020-02-02,False,24
780,用户780,36,女,上海,33447.42,5,2020-02-02,True,15
781,用户781,66,男,北京,8777.27,10,2020-02-02,True,46
782,用户782,53,男,深圳,44766.98,3,2020-02-02,True,39
783,用户783,29,男,北京,26644.95,9,2020-02-02,False,7
784,用户784,78,女,深圳,24119.44,4,2020-02-02,True,17
785,用户785,58,女,深圳,30535.65,3,2020-02-02,False,27
786,用户786,36,男,广州,32364.84,2,2020-02-02,True,15
787,用户787,29,男,杭州,6373.46,10,2020-02-02,False,18
788,用户788,26,女,深圳,35083.01,9,2020-02-02,True,41
789,用户789,24,女,广州,14370.79,4,2020-02-02,False,16
790,用户790,45,女,杭州,36555.77,3,2020-02-02,False,44
791,用户791,31,男,深圳,41659.14,7,2020-02-02,False,12
792,用户792,48,女,深圳,40786.05,8,2020-02-02,False,6
793,用户793,69,男,北京,28967.55,2,2020-02-03,False,26
794,用户794,36,女,北京,27447.98,7,2020-02-03,False,9
795,用户795,75,男,杭州,9715.17,5,2020-02-03,True,33
796,用户796,64,女,深圳,39441.27,5,2020-02-03,False,35
797,用户797,33,女,na,15756.24,3,2020-02-03,False,24
798,用户798,70,女,北京,26344.68,5,2020-02-03,False,5
799,用户799,22,女,杭州,16360.88,2,2020-02-03,True,23
800,用户800,52,女,深圳,9289.93,4,2020-02-03,True,17
801,用户801,29,男,深圳,32589.21,6,2020-02-03,True,22
802,用户802,42,女,上海,5553.61,1,2020-02-03,False,5
803,用户803,69,女,杭州,38186.33,10,2020-02-03,True,28
804,用户804,76,女,深圳,17926.58,4,2020-02-03,True,24
805,用户805,38,男,北京,3006.33,6,2020-02-03,False,16
806,用户806,53,女,上海,27023.07,9,2020-02-03,False,45
807,用户807,70,男,杭州,5202.04,2,2020-02-03,True,23
808,用户808,40,女,上海,15979.97,7,2020-02-03,False,10
809,用户809,33,女,北京,36227.89,6,2020-02-03,False,25
810,用户810,74,男,杭州,5946.41,2,2020-02-03,False,33
811,用户811,56,女,上海,42448.91,8,2020-02-03,False,27
812,用户812,62,男,广州,3179.54,7,2020-02-03,True,2
813,用户813,70,男,北京,14600.72,5,2020-02-03,False,10
814,用户814,59,女,北京,37822.49,5,2020-02-03,True,37
815,用户815,75,男,北京,17864.7,7,2020-02-03,True,13
816,用户816,56,女,广州,7788.94,9,2020-02-03,True,25
817,用户817,31,女,na,19930.99,9,2020-02-04,True,47
818,用户818,48,男,深圳,15708.48,9,2020-02-04,False,20
819,用户819,75,男,上海,42607.46,6,2020-02-04,False,38
820,用户820,22,男,深圳,17727.35,10,2020-02-04,False,29
821,用户821,52,男,上海,40079.83,6,2020-02-04,True,7
822,用户822,40,女,广州,44917.99,3,2020-02-04,True,19
823,用户823,46,女,广州,23389.42,1,2020-02-04,True,47
824,用户824,60,男,深圳,45767.33,7,2020-02-04,False,31
825,用户825,28,女,杭州,20733.95,4,2020-02-04,True,21
826,用户826,35,女,深圳,48311.69,1,2020-02-04,False,6
827,用户827,64,女,上海,7196.61,8,2020-02-04,False,8
828,用户828,29,女,na,35289.91,6,2020-02-04,False,44
829,用户829,26,男,北京,26209.26,6,2020-02-04,False,0
830,用户830,27,男,上海,21219.49,2,2020-02-04,True,28
831,用户831,75,女,上海,,1,2020-02-04,False,7
832,用户832,61,男,杭州,36081.28,2,2020-02-04,True,3
833,用户833,34,男,广州,3205.07,4,2020-02-04,False,34
834,用户834,78,男,上海,10846.8,2,2020-02-04,True,2
835,用户835,55,女,广州,,1,2020-02-04,True,44
836,用户836,24,女,深圳,34320.11,7,2020-02-04,False,39
837,用户837,63,女,北京,48404.23,8,2020-02-04,False,6
838,用户838,30,男,杭州,38768.78,6,2020-02-04,False,26
839,用户839,57,女,广州,47686.32,4,2020-02-04,True,0
840,用户840,59,女,na,36019.4,6,2020-02-04,False,26
841,用户841,26,男,广州,17008.45,3,2020-02-05,False,15
842,用户842,67,女,上海,7952.15,8,2020-02-05,True,37
843,用户843,44,女,广州,39745.72,10,2020-02-05,False,6
844,用户844,75,男,上海,,2,2020-02-05,True,43
845,用户845,19,男,深圳,5264.74,5,2020-02-05,False,22
846,用户846,22,男,上海,,1,2020-02-05,True,40
847,用户847,46,女,上海,47969.59,6,2020-02-05,True,10
848,用户848,54,女,北京,26518.85,2,2020-02-05,False,41
849,用户849,55,女,上海,23338.27,4,2020-02-05,True,32
850,用户850,36,男,北京,24511.88,6,2020-02-05,False,49
851,用户851,25,男,杭州,12817.49,10,2020-02-05,False,35
852,用户852,65,女,北京,20329.24,8,2020-02-05,True,36
853,用户853,62,女,深圳,20381.22,8,2020-02-05,False,40
854,用户854,18,男,北京,5460.69,6,2020-02-05,True,16
855,用户855,39,男,杭州,39075.68,4,2020-02-05,True,34
856,用户856,69,男,深圳,22575.71,8,2020-02-05,True,47
857,用户857,34,男,广州,41642.45,8,2020-02-05,True,4
858,用户858,24,女,广州,42966.36,10,2020-02-05,True,47
859,用户859,42,男,北京,12963.72,1,2020-02-05,True,31
860,用户860,62,女,北京,33895.61,4,2020-02-05,True,2
861,用户861,21,女,杭州,25197.24,4,2020-02-05,True,46
862,用户862,53,女,杭州,44367.37,7,2020-02-05,False,34
863,用户863,23,男,上海,13139.81,7,2020-02-05,False,13
864,用户864,77,男,杭州,34857.22,8,2020-02-05,True,47
865,用户865,48,男,上海,31564.35,5,2020-02-06,False,30
866,用户866,36,男,深圳,16879.17,7,2020-02-06,False,30
867,用户867,78,女,北京,9420.24,8,2020-02-06,False,16
868,用户868,61,男,深圳,33627.07,9,2020-02-06,False,23
869,用户869,71,男,杭州,37714.08,3,2020-02-06,False,22
870,用户870,56,女,深圳,17834.49,3,2020-02-06,False,17
871,用户871,44,男,深圳,33307.13,4,2020-02-06,True,49
872,用户872,27,女,深圳,21571.15,5,2020-02-06,False,13
873,用户873,43,女,杭州,36520.72,10,2020-02-06,False,49
874,用户874,36,女,深圳,12363.12,1,2020-02-06,False,14
875,用户875,56,女,上海,44840.11,7,2020-02-06,False,14
876,用户876,79,女,杭州,16508.25,9,2020-02-06,True,5
877,用户877,20,女,深圳,20285.94,8,2020-02-06,True,26
878,用户878,62,女,杭州,5730.32,5,2020-02-06,True,14
879,用户879,30,女,广州,8241.07,4,2020-02-06,True,49
880,用户880,67,男,上海,27245.51,7,2020-02-06,False,35
881,用户881,45,男,深圳,15576.86,5,2020-02-06,True,7
882,用户882,79,男,na,42267.57,7,2020-02-06,True,14
883,用户883,75,男,广州,3690.59,1,2020-02-06,True,2
884,用户884,37,女,杭州,20817.42,1,2020-02-06,True,46
885,用户885,45,男,广州,18855.24,10,2020-02-06,False,12
886,用户886,25,女,上海,3908.4,3,2020-02-06,True,40
887,用户887,78,男,上海,8845.31,2,2020-02-06,False,33
888,用户888,58,男,北京,22441.21,2,2020-02-06,True,23
889,用户889,56,男,上海,26164.64,7,2020-02-07,False,39
890,用户890,18,女,广州,22001.62,10,2020-02-07,False,31
891,用户891,20,男,上海,27954.07,2,2020-02-07,True,31
892,用户892,30,女,杭州,30971.19,4,2020-02-07,True,29
893,用户893,45,女,北京,3466.42,2,2020-02-07,True,48
894,用户894,79,男,广州,24812.47,6,2020-02-07,True,12
895,用户895,74,男,北京,48284.46,8,2020-02-07,False,0
896,用户896,77,男,广州,27394.52,10,2020-02-07,False,33
897,用户897,66,女,杭州,34844.49,4,2020-02-07,True,14
898,用户898,42,男,北京,17657.6,5,2020-02-07,True,43
899,用户899,73,女,深圳,39377.59,4,2020-02-07,False,13
900,用户900,50,女,广州,39327.31,3,2020-02-07,True,28
901,用户901,55,男,深圳,27500.91,5,2020-02-07,False,33
902,用户902,70,男,北京,48872.65,9,2020-02-07,True,17
903,用户903,23,女,深圳,8900.86,8,2020-02-07,False,6
904,用户904,75,女,深圳,3796.54,8,2020-02-07,False,28
905,用户905,61,女,北京,39197.44,8,2020-02-07,False,30
906,用户906,62,男,杭州,40936.31,8,2020-02-07,False,24
907,用户907,49,女,深圳,8649.74,7,2020-02-07,False,37
908,用户908,62,男,深圳,15482.39,8,2020-02-07,True,13
909,用户909,78,女,杭州,3824.96,8,2020-02-07,False,7
910,用户910,64,女,深圳,16785.5,8,2020-02-07,True,26
911,用户911,38,男,深圳,39337.67,10,2020-02-07,False,1
912,用户912,33,女,深圳,27344.14,7,2020-02-07,False,16
913,用户913,71,男,上海,19360.49,1,2020-02-08,True,36
914,用户914,38,男,杭州,20471.75,4,2020-02-08,True,13
915,用户915,28,女,深圳,3063.62,4,2020-02-08,True,24
916,用户916,77,男,杭州,17090.62,5,2020-02-08,True,29
917,用户917,54,男,广州,,10,2020-02-08,False,28
918,用户918,53,女,广州,48787.14,6,2020-02-08,True,19
919,用户919,52,男,深圳,42811.86,4,2020-02-08,False,20
920,用户920,36,男,杭州,4108.96,2,2020-02-08,True,21
921,用户921,37,男,杭州,45232.35,6,2020-02-08,True,34
922,用户922,74,女,杭州,39810.33,8,2020-02-08,False,36
923,用户923,35,男,上海,39677.68,8,2020-02-08,False,15
924,用户924,64,女,广州,24525.8,7,2020-02-08,True,49
925,用户925,58,女,杭州,21706.25,6,2020-02-08,False,48
926,用户926,66,男,杭州,17237.04,2,2020-02-08,False,42
927,用户927,31,男,上海,6087.66,7,2020-02-08,False,16
928,用户928,32,男,上海,13727.06,5,2020-02-08,False,15
929,用户929,48,女,杭州,14590.37,6,2020-02-08,False,1
930,用户930,18,男,北京,25751.62,10,2020-02-08,False,3
931,用户931,70,男,杭州,38129.89,8,2020-02-08,False,20
932,用户932,71,男,杭州,25269.06,8,2020-02-08,False,38
933,用户933,71,男,上海,5718.69,3,2020-02-08,True,33
934,用户934,20,男,上海,,7,2020-02-08,False,29
935,用户935,33,女,杭州,47308.04,1,2020-02-08,True,5
936,用户936,40,女,杭州,39903.91,1,2020-02-08,False,16
937,用户937,74,男,杭州,49592.41,7,2020-02-09,False,38
938,用户938,28,男,上海,28590.67,10,2020-02-09,False,24
939,用户939,29,男,杭州,48250.11,9,2020-02-09,False,4
940,用户940,27,男,杭州,6553.44,7,2020-02-09,True,4
941,用户941,49,女,深圳,20187.0,10,2020-02-09,True,19
942,用户942,33,男,北京,13592.92,5,2020-02-09,False,15
943,用户943,25,女,广州,12204.15,8,2020-02-09,True,40
944,用户944,55,女,北京,9617.74,2,2020-02-09,False,36
945,用户945,29,男,深圳,32253.44,9,2020-02-09,False,39
946,用户946,41,女,广州,39722.13,6,2020-02-09,True,8
947,用户947,45,女,杭州,30180.02,9,2020-02-09,True,4
948,用户948,70,女,深圳,9907.25,2,2020-02-09,False,41
949,用户949,25,女,杭州,41122.82,3,2020-02-09,False,1
950,用户950,75,男,上海,32889.87,8,2020-02-09,True,8
951,用户951,45,男,深圳,,1,2020-02-09,False,42
952,用户952,53,女,上海,34684.12,10,2020-02-09,True,35
953,用户953,43,男,深圳,15215.53,7,2020-02-09,False,21
954,用户954,25,男,深圳,19224.03,7,2020-02-09,False,21
955,用户955,75,男,上海,46121.83,1,2020-02-09,True,21
956,用户956,77,男,广州,16653.71,9,2020-02-09,True,33
957,用户957,67,男,北京,25089.45,8,2020-02-09,True,28
958,用户958,45,女,杭州,44836.63,4,2020-02-09,False,37
959,用户959,45,男,深圳,36262.9,10,2020-02-09,False,45
960,用户960,54,男,杭州,5923.55,5,2020-02-09,False,32
961,用户961,58,男,上海,,2,2020-02-10,False,17
962,用户962,53,男,杭州,3368.55,9,2020-02-10,True,6
963,用户963,44,女,上海,,6,2020-02-10,False,0
964,用户964,71,女,杭州,24040.65,3,2020-02-10,False,32
965,用户965,34,女,北京,9310.92,7,2020-02-10,False,0
966,用户966,26,女,北京,48022.9,9,2020-02-10,True,23
967,用户967,50,男,na,27894.01,3,2020-02-10,False,3
968,用户968,70,女,北京,14368.98,2,2020-02-10,False,3
969,用户969,37,男,北京,26528.37,7,2020-02-10,True,17
970,用户970,30,男,北京,34942.16,7,2020-02-10,False,26
971,用户971,45,男,上海,6583.24,4,2020-02-10,False,42
972,用户972,65,男,深圳,15911.08,9,2020-02-10,True,31
973,用户973,46,男,杭州,40927.38,8,2020-02-10,False,32
974,用户974,30,女,北京,24604.25,1,2020-02-10,False,27
975,用户975,63,女,上海,28689.13,1,2020-02-10,False,41
976,用户976,52,女,上海,23342.35,5,2020-02-10,True,40
977,用户977,78,女,上海,5063.3,6,2020-02-10,False,35
978,用户978,23,男,深圳,10790.24,3,2020-02-10,False,5
979,用户979,35,女,杭州,23940.46,9,2020-02-10,True,15
980,用户980,68,男,深圳,12831.72,10,2020-02-10,True,33
981,用户981,22,女,广州,5349.01,6,2020-02-10,False,22
982,用户982,64,男,na,42651.53,4,2020-02-10,False,49
983,用户983,42,男,广州,49116.05,7,2020-02-10,False,41
984,用户984,19,女,北京,,8,2020-02-10,False,23
985,用户985,27,男,北京,,9,2020-02-11,True,48
986,用户986,73,男,深圳,14372.93,6,2020-02-11,False,12
987,用户987,47,女,杭州,48149.47,6,2020-02-11,True,17
988,用户988,67,男,广州,12255.51,8,2020-02-11,True,12
989,用户989,76,女,na,47717.2,5,2020-02-11,False,48
990,用户990,62,女,深圳,49756.51,3,2020-02-11,False,36
991,用户991,22,女,北京,36450.97,3,2020-02-11,True,42
992,用户992,72,男,杭州,49113.76,6,2020-02-11,True,38
993,用户993,73,男,杭州,29768.37,2,2020-02-11,False,41
994,用户994,50,男,北京,15198.46,6,2020-02-11,True,16
995,用户995,71,女,广州,23538.81,6,2020-02-11,False,14
996,用户996,18,男,北京,30897.36,8,2020-02-11,False,17
997,用户997,35,女,杭州,6434.83,7,2020-02-11,True,22
998,用户998,49,女,广州,32250.13,8,2020-02-11,True,29
999,用户999,64,男,广州,49115.36,9,2020-02-11,False,33
1000,用户1000,66,女,北京,11935.06,6,2020-02-11,True,3
